date,time,venue,topic,presenter,paper_authors,paper_title,paper_venue,paper_year,slides_link,paper_link,arxiv_link
2023-01-31,,,,Nona Rajabi,Non-contrastive self-supervised vision learning-- Doersch et al.,Unsupervised visual representation learning by context prediction,", ICCV 2015-- Gidaris et al., ""Unsupervised representation learning by predicting image rotations"", ICLR",2018,,,
2023-02-14,,,,Farzaneh Taleb Najafabadi,Contrastive self-supervised vision learning-- Chen et al.,A Simple Framework for Contrastive Learning of Visual Representations,", ICML 2020-- Chen et al., ""Big Self-Supervised Models are Strong Semi-Supervised Learners"", NeurIPS",2020,,,
2023-02-28,,,,Marcel Büsching,FixMatch revisited,FixMatch: Simplifying Semi-Supervised Learning with Consistency and Confidence,"a current analysis of semi-supervised learning.-- Sohn et al., , NeurIPS 2020-- Grill et al., ""Bootstrap your own latent: A new approach to self-supervised Learning"", NeurIPS 2020-- Wei et al., ""Theoretical Analysis of Self-Training with Deep Networks on Unlabeled Data"", ICLR",2021,,,
2023-03-14,,,,TBD,TBD,,,,,,
2023-03-28,,,,Sebastian Gerard,Bardes et al.,VICRegL: Self-Supervised Learning of Local Visual Features,", NeurIPS",2022,,,
,,,,Carl Doersch (Invited Seminar),"""Learning and transferring visual representations with few labels: BYOL + CrossTransformers""",,,,http://www.csc.kth.se/cvap/cvg/ml-seminars/,,
2021-06-15,,,,Johan Haslum,Zbontar et al.,Barlow Twins: Self-Supervised Learning via Redundancy Reduction,", ICML",2021,,,
2021-06-01,,,,Giovanni Luca Marchetti,Chen et al.,A Simple Framework for Contrastive Learning of Visual Representations,", ICML",2020,https://www.csc.kth.se/cvap/cvg/rg/materials/giovanni_001_slides.pdf,,
,,,,Mathilde Caron (Invited Seminar),Self-Supervised Learning of Visual Representations,,,,http://www.csc.kth.se/cvap/cvg/ml-seminars/,,
2021-05-04,,,,Sebastian Gerard,Samuli Laine,Temporal Ensembling for Semi-Supervised Learning,"Timo Aila., , ICLR 2017Pham et al., ""Meta Pseudo Labels"", arXiv",2021,https://www.csc.kth.se/cvap/cvg/rg/materials/gerard_001_slides.pdf,,
,,,,Kai Han (Invited Seminar),"""Transformer in Transformer""",,,,http://www.csc.kth.se/cvap/cvg/ml-seminars/,,
,,,,Hugo Touvron (Invited Seminar)Alaa El-Nouby (Invited Seminar),"""Training data-efficient image transformers & distillation through attention / Going deeper with Image Transformers""""Training Vision Transformers for Image Retrieval""",,,,http://www.csc.kth.se/cvap/cvg/ml-seminars/,,
,,,,Mostafa Dehghani (Invited Seminar),"""Temporal-Relational CrossTransformers for Few-Shot Action Recognition""",,,,http://www.csc.kth.se/cvap/cvg/ml-seminars/,,
2021-04-06,,,,Sofia BrooméPeiyang (Yonk) Shi,Perrett et al.,Temporal-Relational CrossTransformers for Few-Shot Action Recognition,", CVPR 2021Zheng et al., ""Rethinking Semantic Segmentation from a Sequence-to-Sequence Perspective with Transformers"" arXiv",2020,https://www.csc.kth.se/cvap/cvg/rg/materials/sofia_003_slides.pdf,,
2021-03-23,,,,Youssef Mohamed,Devlin et al.,BERT: Pre-training of Deep Bidirectional Transformers for Language Understanding,", NAACL 2019Radford et al., ""Improving Language Understanding by Generative Pre-Training"", 2018Brown et al., ""Language Models are Few-Shot Learners"", NeurIPS",2020,https://www.csc.kth.se/cvap/cvg/rg/materials/youssef_001_slides.pdf,,
2021-03-09,,,,Federico Baldassarre,Dosovitskiy et al.,An Image is Worth 16x16 Words: Transformers for Image Recognition at Scale,", ICLR 2021Carion et al., ""End-to-End Object Detection with Transformers"", ECCV 2020Chen et al., ""Generative Pretraining from Pixels"", ICML",2020,https://www.csc.kth.se/cvap/cvg/rg/materials/federico_003_slides.pdf,,
2021-02-23,,,,Sebastian Bujwid,Vaswani et al.,Attention Is All You Need,", NeurIPS",2017,https://www.csc.kth.se/cvap/cvg/rg/materials/sebastian_002_slides.pdf,,
2020-06-16,,,,Miquel Marti,"Zamir et al. ""Robust Learning Through Cross-Task Consistency""",,CVPR,2020,https://www.csc.kth.se/cvap/cvg/rg/materials/miquel_002_slides.pdf,,
2020-06-02,,,,Yue Liu,Kang et al.,Decoupling Representation and Classifier for Long-Tailed Recognition,", ICLR 2020Zhou et al., ""BBN: Bilateral-Branch Network with Cumulative Learning for Long-Tailed Visual Recognition"", CVPR",2020,https://www.csc.kth.se/cvap/cvg/rg/materials/yue_002_slides.pdf,,
2020-05-19,,,,Sofia Broome,Feichtenhofer et al.,SlowFast Networks for Video Recognition,", ICCV",2019,https://www.csc.kth.se/cvap/cvg/rg/materials/sofia_002_slides.pdf,,
2020-04-21,,,,Xiaomeng (Mandy) Zhu,"Qin et al. "" PointDAN: A Multi-Scale 3D Domain Adaption Network for Point Cloud Representation""",,NeurIPS,2019,https://www.csc.kth.se/cvap/cvg/rg/materials/mandy_001_slides.pdf,,
2020-04-07,,,,Johan Haslum,"Berthelot et al. ""ReMixMatch: Semi-Supervised Learning with Distribution Alignment and Augmentation Anchoring""",MixMatch: A Holistic Approach to Semi-Supervised Learning,"ICLR 2020Berthelot et al. , NeurIPS 2019Sohn et al., ""FixMatch: Simplifying Semi-Supervised Learning with Consistency and Confidence"", arXiv",2019,https://www.csc.kth.se/cvap/cvg/rg/materials/johan_001_slides.pdf,,
2020-03-24,,,,Jevgenija Aksjonova,Novak et al.,Neural Tangents: Fast and Easy Infinite Neural Networks in Python,", ICLR 2020.Lee et al., ""Deep Neural Networks as Gaussian Processes"", ICLR",2018,https://www.csc.kth.se/cvap/cvg/rg/materials/jevgenija_002_slides.pdf,,
2020-02-25,,,,David Mohlin,Shuai Liao,,"Efstratios Gavves, Cees G. M. Snoek, ""Spherical Regression: Learning Viewpoints, Surface Normals and 3D Rotations on N-Spheres"", CVPR",2019,https://www.csc.kth.se/cvap/cvg/rg/materials/david_002_slides.pdf,,
2020-02-11,,,,Christos Matsoukas,Amirata Ghorbani,,"James Wexler, James Zou, Been Kim, “Towards Automatic Concept-based Explanations"", NeurIPS",2019,https://www.csc.kth.se/cvap/cvg/rg/materials/christos_002_slides.pdf,,
2020-01-28,,,,Emir Konuk,Tero Karras et al.,Analyzing and Improving the Image Quality of StyleGAN,", arXiv",2019,https://www.csc.kth.se/cvap/cvg/rg/materials/emir_002_slides.pdf,,
2020-01-21,,,,Matteo Gamba,Roman Novak,Sensitivity and generalization in neural networks: an empirical study,"et al., , ICLR",2018,https://www.csc.kth.se/cvap/cvg/rg/materials/matteo_002_slides.pdf,,
2019-12-03,,,,Federico Baldassarre,1) Peyre,Detecting unseen visual relations using analogies,"et al., , ICCV 20192) Peyre, et al., ""Weakly-Supervised Learning of Visual Relations"", ICCV",2017,https://www.csc.kth.se/cvap/cvg/rg/materials/federico_002_slides.pdf,,
2019-11-26,,,,Daphna Weinshall,"""Beyond Accuracy: Neural Networks Show Similar Learning Dynamics Across Architectures""",,,,https://www.csc.kth.se/cvap/cvg/rg/materials/marcus_002_slides.pdf,,
2019-11-19,,,,Lennart Van der Goten,"Tsai et al. ""Domain Adaptation for Structured Output via Discriminative Patch Representations""",,ICCV,2019,https://www.csc.kth.se/cvap/cvg/rg/materials/lennart_001_slides.pdf,,
2019-11-05,,,,Alexandros Ferles,1) Mingxing Tan,EfficientNet: Rethinking Model Scaling for Convolutional Neural Networks,"Quoc V. Le, , ICML 20192) Jie Hu, Li Shen, Samuel Albanie, Gang Sun, Enhua Wu, ""Squeeze-and-Excitation Networks"", PAMI 2019 (CVPR",2018),https://www.csc.kth.se/cvap/cvg/rg/materials/alexandros_001_slides.pdf,,
2019-10-22,,,,Peiyang (Yonk) Shi,Xinlei Chen,TensorMask: A Foundation for Dense Object Segmentation,"Ross Girshick, Kaiming He, Piotr Dollar, , ICCV",2019,https://www.csc.kth.se/cvap/cvg/rg/materials/yonk_001_slides.pdf,,
2019-05-21,,,,Marcus Klasson,Gupta,Imagine This! Scripts to Compositions to Videos,"Schwenk, Farhadi, Hoiem, Kembhavi. , ECCV",2018,https://www.csc.kth.se/cvap/cvg/rg/materials/marcus_001_slides.pdf,,
2019-05-07,,,,Shuangshuang Chen,Yingzhen Li,Disentangled Sequential Autoencoder,"Stephan Mandt. , ICML",2018,https://www.csc.kth.se/cvap/cvg/rg/materials/shuangshuang_001_slides.pdf,,
2019-04-23,,,,Patrik Barkman,Gordon,Meta-Learning Probabilistic Inference for Prediction,"J., Bronskill, J. F., Bauer, M., Nowozin, S., & Turner, R. E. , ICLR",2019,https://www.csc.kth.se/cvap/cvg/rg/materials/patrik_001_slides.pdf,,
2019-04-09,,,,Sebastian Bujwid,Nguyen,,"Duy-Kien, and Takayuki Okatani. ""Improved fusion of visual and language representations by dense symmetric co-attention for visual question answering."" CVPR",2018,https://www.csc.kth.se/cvap/cvg/rg/materials/sebastian_001_slides.pdf,,
2019-03-26,,,,Miquel Marti,Ozen Sener and Vladlen Koltun,Multi-Task Learning as Multi-Objective Optimization,", NIPS",2018,https://www.csc.kth.se/cvap/cvg/rg/materials/miquel_001_slides.pdf,,
2019-03-12,,,,Qi Dang,"Toneva et al. ""AN EMPIRICAL STUDY OF EXAMPLE FORGETTING DURING DEEP NEURAL NETWORK LEARNING""",,ICLR,2019,https://www.csc.kth.se/cvap/cvg/rg/materials/qi_001_slides.pdf,,
2019-02-26,,,,Louise Rixon Fuchs,"Lin et al. ""Focal loss for dense object detection""",,PAMI,2018,https://www.csc.kth.se/cvap/cvg/rg/materials/louise_001_slides.pdf,,
2019-02-12,,,,Yue Liu,"Liu et al. ""Rethinking the Value of Network Pruning""",,ICLR,2019,https://www.csc.kth.se/cvap/cvg/rg/materials/yue_001_slides.pdf,,
2019-01-29,,,,Vladimir Li,Carreira&Zisserman,"Quo Vadis, Action Recognition? A New Model and the Kinetics Dataset",", CVPR",2017,https://www.csc.kth.se/cvap/cvg/rg/materials/vladimir_001_slides.pdf,,
2018-12-04,,,,Sofia Broome,"Feichtenhofer et al. ""What have we learned from deep representations for action recognition?""",,CVPR,2018,https://www.csc.kth.se/cvap/cvg/rg/materials/sofia_001_slides.pdf,,
2018-11-27,,,,Vahan Petrosyan,Vahan Petrosyan,"From Fast, Robust and Scalable Unsupervised Learning to Semi-Supervised Learning algorithms","Petrosyan&Proutiere. ""Viral clustering: A robust method to extract structures in heterogeneous datasets."", AAAI 2016Petrosyan&Proutiere. ""Viral initialization for spectral clustering."", ESANN 2017Petrosyan et al. ""Superpixel segmentation via penalized average linkage cuts"", WACV",2019,https://www.csc.kth.se/cvap/cvg/rg/materials/vahan_slides.pdf,,
2018-11-20,,,,Jevgenija Aksjonova,"Lunz et al. ""Adversarial Regularizers in Inverse Problems""",,NIPS,2018,https://www.csc.kth.se/cvap/cvg/rg/materials/jevgenija_001_slides.pdf,,
2018-11-06,,,,David Molin,"Rebuffi et al. ""Learning multiple visual domains with residual adapters""",,NIPS,2017,https://www.csc.kth.se/cvap/cvg/rg/materials/david_001_slides.pdf,,
2018-10-23,,,,Christos Matsoukas,"Furlanello et al. ""Born Again Neural Networks"" ICML 2018",,,,https://www.csc.kth.se/cvap/cvg/rg/materials/christos_001_slides.pdf,,
2018-10-09,,,,Emir Konuk,"Higgins et al. ""beta-VAE: Learning Basic Visual Concepts with a Constrained Variational Framework"" ICLR 2017",,,,https://www.csc.kth.se/cvap/cvg/rg/materials/emir_001_slides.pdf,,
2018-10-02,,,,Matteo Gamba,"Dinh et al. ""Sharp Minima Can Generalize For Deep Nets"" ICML 2017Sagun et al. ""Empirical analysis of the Hessian of over-parametrised neural networks"" ICLR 2018 Workshop",,,,https://www.csc.kth.se/cvap/cvg/rg/materials/matteo_001_slides.pdf,,
2018-09-18,,,,Federico Baldassarre,"Xu et al. ""Scene Graph Generation by Iterative Message Passing"" CVPR 2017",,,,https://www.csc.kth.se/cvap/cvg/rg/materials/federico_001_slides.pdf,,
2017-10-20,,,,Hossein Azizpour,"Zhang et al. ""Understanding deep learning requires rethinking generalization"" ICLR 2017",,,,https://www.csc.kth.se/cvap/cvg/rg/materials/hossein_013_slides.pdf,,
2015-05-22,,,,Ali Sharif Razavian,J. Weston,Memory Networks,"S. Chopra, A. Bordes In ICLR",2015,,,
2015-04-10,,,,Roelof Pieters,F. Hill,Learning to Understand Phrases by Embedding the Dictionary,"A. Korhonen, K. Cho, Y. Bengio In arXiv",2015,,,
2015-03-27,,,,Hossein Azizpour,Xiao Lin,,"Devi Parikh ""Dont Just Listen, Use Your Imagination:Leveraging Visual Common Sense for Non-Visual Tasks"" In CVPR",2015,,,
2015-03-13,,,,Amaru Cuba Gyllensten,"Zhang and LeCun ""Text Understanding from Scratch"" In arXiv 2015",,,,,,
2015-02-20,,,,Roelof PietersAli Sharif Razavian,R. Socher,Zero-shot learning through cross-modal transfer.,"M. Ganjoo, H. Sridhar, O. Bastani, C. Manning, and A. Ng. In ICLR 2013A. Frome, G. S. Corrado, J. Shlens, S. Bengio, J. Dean, T. Mikolov ""Devise: A deep visual-semantic embeddingmodel."" In NIPS,",2013,,,
2015-02-13,,,,Yang Zhong,Y. Sun,"Deep Learning Face Representation from Predicting 10,000 Classes.","X. Wang, and X. Tang CVPR 2014Y. Sun, X. Wang, and X. Tang ""Deep Learning Face Representation by Joint Identification-Verification."" arXiv 2014Y. Sun, X. Wang, and X. Tang ""Deeply Learned Face Representations are Sparse, Selective, and Robust."" arXiv",2014,,,
2015-02-06,,,,Hossein Azizpour,Andrej Karpathy,Deep Visual-Semantic Alignments for Generating Image Descriptions,Li Fei-Fei arXiv,2014,http://cs.stanford.edu/people/karpathy/deepimagesent/,,
2014-10-10,,,,"Tim Cootes, Manchester University (Invited Talk)",Extracting the shape of structures in medical images,,,,,,
2014-10-10,,,,"Adrian Hilton, University of Surrey (Invited Talk)",4D Vision: Performance Capture for Human Movement Analysis & Animation,,,,,,
2014-06-12,,,,"Josef Sivic, INRIA/ENS Paris (Invited Talk)",Learning mid-level image representations for visual recognition,,,,,,
2014-06-12,,,,"Cristian Sminchisescu, Lund University (Invited Talk)",Iterated Second-order Label Sensitive Pooling for 3D Human Pose Estimation,,,,,,
2014-05-27,,,,Vahid Kazemi,Adam Coates,,"Honglak Lee, and Andrew Ng ""An Analysis of Single-Layer Networks in Unsupervised Feature Learning"" AI Statistics",2011,,,
2014-05-23,,,,"Pawan Kumar, Ecole Centrale Paris, INRIA Saclay (Invited Talk for SAIS Workshop)",Multiplicative Bounds for Metric Labeling,,,,,,
2014-05-22,,,,"Karteek Alahari, INRIA Grenoble Rhone-Alpes (Invited Talk)",Scene Understanding: What more can we do with videos,,depth and,text?,,,
2014-05-20,,,,Hossein Azizpour,K. Chatfield,,"K. Simonyan, A. Vedaldi, A. Zisserman ""Return of the Devil in the Details: Delving Deep into Convolutional Nets"" arXiv",2014,,,
2014-05-20,,,,"Bodo Rosenhahn, Leibniz Universität Hannover, Germany (Invited Talk)",Human Motions and Multi-People Tracking,,,,,,
2014-05-06,,,,Oscar Danielsson,"Christian Szegedy et al. ""Intriguing properties of neural networks"" ICLR 2014",,,,,,
2014-04-30,,,,Atsuto Maki,Shuiwang Ji,3D Convolutional Neural Networks for Human Action Recognition,"et al. PAMI 2013Andrej Karpathy et al. ""Large-scale Video Classiﬁcation with Convolutional Neural Networks"" CVPR",2014,,,
2014-04-22,,,,Josephine SullivanHossein Azizpour,"Stochastic Gradient Methods with a focus on HogwildR. Girshick et al. ""Rich feature hierarchies for accurate object detection and semantic segmentation""updated arXiv report",,,,http://arxiv.org/pdf/1311.2524v2.pdf,,
2014-04-15,,,,Hossein Azizpour,Our future tracks for Deep Learning,,,,,,
2014-04-01,,,,Vahid KazemiOscar DanielssonHossein Azizpour,1) Y. Taigman," CVPR 20142) A. Toshev, C. Szegedy ","M. Yang, M. Ranzato, L. Wolf ""DeepFace: Closing the Gap to Human-Level Performance in Face VerificationDeepPose: Human Pose Estimation via Deep Neural Networks"" CVPR 20143) N. Zhang, M. Paluri, M. Ranzato, T. Darrell, L. Bourdev ""PANDA: Pose Aligned Networks for Deep Attribute Modeling"" CVPR",2014,https://www.csc.kth.se/cvap/cvg/rg/materials/vahid_007_slides.pptx,,
2014-03-25,,,,Heydar Maboudi,"Bengio et al. ""Representation Learning: A Review and New Perspectives"" PAMI 2013",,,,,,
2014-03-24,,,,"Iasonas Kokkinos, Ecole Centrale Paris (Invited Talk)",Fast and Exact Algorithms for Object Detection with Deformable Models.,,,,,,
2014-03-18,,,,Hossein Azizpour,Deep Representation as Baseline for All Recognition Tasks,,,,https://www.csc.kth.se/cvap/cvg/rg/materials/hossein_011_slides.pdf,,
2014-01-21,,,,"Pascal Fua, EPFL (Invited Talk)",Indentity Preserving Multi-People Tracking through Linear Programming,,,,,,
2013-12-13,,,,Vahid KazemiHossein Azizpour,1) M. Zeiler and R. Fergus,Visualizing and Understanding Convolutional Networks,", TR 20132) R. Girshick, J. Donahue, T. Darrell, and J. Malik ""Rich feature hierarchies for accurate object detection and semantic segmentation"", TR 20133) M. Oquab, L. Bottou, I. Laptev and J. Sivic ""Learning and Transferring Mid-Level Image Representations using Convolutional Neural Networks"", TR 2013with a discussion about recent developments in deep learning for computer",vision,https://www.csc.kth.se/cvap/cvg/rg/materials/hossein_009_slides.pdf,,
2013-11-11,,,,Miroslav Kobetski,Addressing occlusion in wearable videos,,,,,,
2013-10-25,,,,Heydar Maboudi,M. Juneja,Blocks that Shout: Distinctive Parts for Scene Classification,"A. Vedaldi, C. Jawahar, A. Zisserman. CVPR",2013,,,
2013-10-18,,,,1) Ali Sharif Razavian2) Hossein Azizpour,1) C. Vondrick,HOGgles: Visualizing Object Detection Features,"A. Khosla, T. Malisiewicz, A. Torralba. , ICCV 20132) Xiaofeng Ren and Deva Ramanan ""Histograms of Sparse Codes for Object Detection"", CVPR",2013,https://www.csc.kth.se/cvap/cvg/rg/materials/hossein_008_slides.pdf,,
2013-10-04,,,,Omid Aghazadeh,One class SVMs and an extension to it (ongoing research),,,,,,
2013-09-06,,,,"Cristian Sminchisescu, Lund University (Invited Talk)",Figure-Ground Segmentation and Pooling for Visual Scene Analysis,,,,,,
2013-06-14,,,,Magnus Burenius,"Gu et al. ""Linear time offline tracking and lower envelope algorithms""",,ICCV,2011,,,
2013-05-31,,,,Miroslav Kobetski,A. Prest,Learning Object Class Detectors from Weakly Annotated Video,"Ch. Leistner, J. Civera, C. Schmid and V. Ferrari, , CVPR",2012,,,
2013-05-24,,,,Ali Sharif Razavian,R. Arandjelovic. A. Zisserman,All About VLAD,", CVPR 2013with a summary of H. Jegou, M. Douze, C. Schmid, P. Pérez, ""Aggregating local descriptors into a compact image representation"", CVPR",2010,,,
2013-05-17,,,,Josephine Sullivan,Rodrigo Quian Quiroga,Concept cells: the building blocks of declarative memory functions,", Nature Neuroscience 2012with an Introduction to Brain Cells and Their",Functionalities,,,
2013-05-13,,,,"Trevor Darrell, UC Berkeley (Invited Talk)",Efficient large-scale visual category recognition,,,,,,
2013-05-08,,,,Hossein Azizpour,N. Razavi,Latent Hough Transform for Object Detection,"J. Gall, P. Kohli, L. Van Gool , ECCV 2012with a glance at:B. Leibe, A. Leonardis, B. Schiele. ""Robust Object Detection with Interleaved Categorization and Segmentation"", IJCV 2008Gall J., Yao A., Razavi N., van Gool L., and Lempitsky V., ""Hough Forests for Object Detection, Tracking, and Action Recognition"" PAMI 2011Barinova O, Lempitsky V, Kohli P. ""On detection of multiple object instances using Hough transform"", PAMI",2012,,,
2013-04-24,,,,"Horesh Ben Shitrit, EPFL (Invited Talk)",Multi-Camera People Identification and Tracking.,,,,,,
2013-03-22,,,,Magnus Burénius,Vedaldi,Learning Equivariant Structured Output SVM Regressors,"Blaschko, Zisserman. , ICCV",2011,https://www.csc.kth.se/cvap/cvg/rg/materials/magnus_005_slides.pdf,,
2013-03-15,,,,Miroslav Kobetski,L. Liu," CVPR 2012D. Hoiem, Y. Chodpathumwan, and Q. Dai, ","L. Wang, ""What Has My Classifier Learned? Visualizing the Classification Rules of Bag-of-Feature Model by Support Region Detection.Diagnosing Error in Object Detectors"", ECCV 2012Discussion on the relevance of the current performance evaluation",criteria,,,
2013-03-08,,,,Vahid Kazemi,S. Nowozin,Decision Tree Fields,"C. Rother, S. Bagon, T. Sharp, B. Yao, P. Kohli, , ICCV",2011,http://www.nowozin.net/sebastian/talks/ICCV-2011-DTF.pdf,,
2013-03-01,,,,Omid Aghazadeh,McFee and Lanckriet,Metric Learning to Rank,ICML 2010Plus an introduction on metric,learning,,,
2013-02-22,,,,Ali Sharifrazavian,"General discussion on deep learning and the impact of ""Drop Out"" techniquesuggested reading:Hinton et al. Improving neural networks by preventing co-adaptation of feature detectors",,,,http://arxiv.org/pdf/1207.0580.pdf,,
2013-02-19,,,,Heydar Maboudi,W. Yang,Kernel Latent SVM for Visual Recognition,"Y. Wang, A. Vahdat, and G. Mori. , NIPS 2012Discussion on representation with simple classifiers vs. non-linear classifiers working on simple",features,,,
2013-02-08,,,,Hossein Azizpour,1) L. Ladicky," BMVC 20122) A. Vedaldi, V. Gulshan, M. Varma, and A. Zisserman. ","P. H. S. Torr, A. Zisserman. ""Latent SVMs for Human Detection with a Locally Affine Deformation FieldMultiple Kernels for Object Detection."" ICCV 20093) X. Zhu, C. Vondrick, D. Ramanan, C. Fowlkes, ""Do We Need More Training Data or Better Models for Object Detection?"" BMVC 2012Discussion on nonlinear classification vs model design and big data vs model",design,http://www.robots.ox.ac.uk/~vgg/publications/2012/Ladicky12/,,
2013-02-01,,,,Magnus Burénius,Introduction to Structure SVM and Rank SVM with a look atM. Blaschko,,"and C. H. Lampert. ""Learning to Localize Objects with Structured Output Regression, ECCV",2008,https://www.csc.kth.se/cvap/cvg/rg/materials/magnus_004_slides.pdf,,
2012-12-07,,,,Ali Sharif Razavian,A. Krizhevsky,ImageNet Classification with Deep Convolutional Neural Networks,"I. Sutskever, G. E. Hinton. , NIPS",2012,,,
2012-09-29,,,,Magnus Burénius,B. Pepik,3D^2PM - 3D Deformable Part Models,"P. Gehler, M. Stark and B. Schiele. , ECCV 2012B. Pepik, M. Stark, P. Gehler and B. Schiele. ""Teaching 3D Geometry to Deformable Part Models"" CVPR",2012,https://www.csc.kth.se/cvap/cvg/rg/materials/magnus_003_slides.pdf,,
2012-09-22,,,,Josephine Sullivan,Devi Parikh,Relative Attributes,"Kirsten Grauman. , ICCV 2011and some insights on Rank",SVMs,http://ttic.uchicago.edu/~dparikh/relative_attributes.ppt,,
2012-09-04,,,,"Amin Sadeghi, UIUC (Invited Talk)",Amin Sadeghi,Recognition Using Visual Phrases,"Ali Farhadi. , CVPR 2011 and recent related",works...,,,
2012-08-29,,,,Vahid Kazemi,Vahid Kazemi,Using Richer Models for Articulated Pose Estimation of Footballers,"Josephine Sullivan. , BMVC",2012,,,
2012-08-24,,,,Miroslav Kobetski,Andrea Vedaldi,Sparse Kernel Approximations for Efficient Classification and Detection,"Andrew Zisserman. , CVPR",2012,,,
2012-08-17,,,,Vahid Kazemi,Ross Girshick,Efficient Regression of General-Activity Human Poses from Depth Images,"et al. , ICCV 2011Jamie Shotton, et al. ""Real-Time Human Pose Recognition in Parts from a Single Depth Image"", CVPR",2011,,,
2012-08-10,,,,Hossein Azizpour,B. Hariharan,,"J. Malik, and D. Ramanan. Discriminative Decorrelation for Clustering and Classification. ECCV",2012,https://www.csc.kth.se/cvap/cvg/rg/materials/hossein_005_slides.pptx,,
2012-06-29,,,,Josephine Sullivan,Quoc Le,,et al. Building high-level features using large scale unsupervised learning. ICML 2012Overview of Deep,Learning,,,
2012-06-15,,,,Miroslav Kobetski,A. Bergamo L. Torresani,,Exploiting weakly-labeled Web images to improve object classification: a domain adaptation approach. NIPS,2012,,,
2012-06-08,,,,Heydar Maboudi,Joint Feature Clustering and Classification,,,,,,
2012-05-25,,,,Magnus Burénius,B. Sapp,Parsing human motion with stretchable models,"D. Weiss, B. Taskar CVPR",2011,https://www.csc.kth.se/cvap/cvg/rg/materials/magnus_002_slides.pdf,,
2012-05-04,,,,Omid Aghazadeh,H. Pirsiavash,Steerable Part Models,D. Ramanan CVPR,2012,,,
2012-04-26,,,,Hossein Azizpour,H. Pirsiavash,Detecting Activities of Daily Living in First-person Camera Views,D. Ramanan CVPR,2012,https://www.csc.kth.se/cvap/cvg/rg/materials/hossein_004_slides.odp,,
2012-02-09,,,,"Bernt Schiele, MPI (Invited Talk)","""3D Scene Understanding - It's Time to Address it Again""",,,,,,
2012-02-03,,,,Josephine Sullivan,M. Belkin,Introduction to Semi-Supervised Learning,"P. Niyogi, V. Sindhwani. ""Manifold Regularization: a Geometric Framework for Learning from Labeled and Unlabeled Examples"" JMLR 2006Chapter 5",of,http://www.morganclaypool.com/doi/abs/10.2200/s00196ed1v01y200906aim006,,
2012-01-27,,,,Heydar Maboudi,Nobuyuki Morioka,Building Compact Local Pairwise Codebook with joint feature space clustering,ECCV,2010,,,
2012-01-20,,,,Miroslav Kobetski,"M. Enzweiler and D. M. Gavrila. ""A Mixed Generative-Discriminative Framework for Pedestrian Classification."" CVPR 2008",,,,,,
2011-12-21,,,,"Ivan Laptev, INRIA/WILLOW (Invited Talk)","""Human action recognition: The challenges and recent progress""",,,,,,
2011-12-15,,,,Omid Aghazadeh,Liu,,"Yuen and Torralba, SIFT Flow: Dense Correspondence across Scenes and its Applications, 2011, PAMIDuchenne, Joulin and Ponce, A Graph-Matching Kernel for Object Categorization, 2011, ICCVTighe and Lazebnik, SuperParsing: Scalable Nonparametric Image Parsing with Superpixels, 2010, ECCVLiu, Yuen and Torralba, Nonparametric Scene Parsing: Label Transfer via Dense Scene Alignment, 2009, CVPRLi, Socher and Fei-Fei, Towards Total Scene Understanding: Classification, Annotation and Segmentation in an Automatic Framework, 2009,",CVPR,,,
2011-12-09,,,,Hossein Azizpour,T. Malisiewicz,Ensemble of Exemplar-SVMs for Object Detection and Beyond,"A. Gupta, and A. A. Efros ICCV",2011,http://www.cs.cmu.edu/~tmalisie/projects/iccv11/exemplarsvm-mit-talk.pdf,,
2011-12-02,,,,Magnus Burenius,R. Farrell,,"O. Oza, N. Zhang, V. I. Morariu, T. Darrell, L. S. Davis. ""Birdlets: Subordinate Categorization Using Volumetric Primitives and Pose-Normalized Appearance."" ICCV",2011,https://www.csc.kth.se/cvap/cvg/rg/materials/magnus_001_slides.pdf,,
2011-10-21,,,,Josephine Sullivan,V. A. Prisacariu,Nonlinear Shape Manifolds as Shape Priors in Level Set Segmentation and Tracking,I. Reid CVPR,2011,,,
2011-10-14,,,,Omid Aghazadeh,Brown,,"Hua and Winder, Discriminative Learning of Local Image Descriptors, 2011, PAMIRublee, Rabaud, Konolige and Bradski, ORB: an efficient alternative to SIFT or SURF, 2011, ICCVLeutenegger,Chli and Siegwart, BRISK: Binary Robust Invariant Scalable Keypoints, 2011, ICCVTuytelaars, Dense Interest Points, 2010, CVPRCalonder, Lepetit, Strecha and Fua, BRIEF: Binary Robust Independent Elementary Features, 2010, ECCVMikolajczyk and Schmid, A Performance Evaluation of Local Descriptors, 2005,",PAMI,,,
2011-10-07,,,,Omid Aghazadeh,Mikolajczyk and Schmid,,"Scale & Affine Invariant Interest Point Detectors, 2004, IJCVMikolajczyk and Schmid, A Performance Evaluation of Local Descriptors, 2005, PAMIMikolajczyk, Tuytelaars, Schmid, Zisserman, Matas, Schaffalitzky, Kadir and Van Gool, A Comparison of Affine Region Detectors, 2006, IJCVWinder and Brown, Learning Local Image Descriptors, 2007,",CVPR,,,
2011-09-30,,,,Miroslav Kobetski,M. Pedersoli,A coarse-to-fine approach for fast deformable object detection,"A. Vedaldi, J. Gonzalez CVPR",2011,,,
2011-09-23,,,,Hossein Azizpour,Branson S.,,"Perona P., Belongie S., ""Strong Supervision From Weak Annotation: Interactive Training of Deformable Part Models"", ICCV",2011,https://www.csc.kth.se/cvap/cvg/rg/materials/hossein_002_slides.odp,,
2011-09-09,,,,Heydar Maboudi,Parag,Supervised Hypergraph Labeling,"T.; Elgammal, A.; CVPR",2011,,,
2011-09-02,,,,Oscar Danielsson,J. Shotton,,"A. Fitzgibbon, M. Cook, T. Sharp, M. Finocchio, R. Moore, A. Kipman, and A. Blake ""Real-Time Human Pose Recognition in Parts from a Single Depth Image"" CVPR",2011,https://www.csc.kth.se/cvap/cvg/rg/materials/oscar_001_slides.pdf,,
2011-08-05,,,,Vahid Kazemi,"V. Kazemi and J. Sullivan ""Face Alignment with Part Based Modeling"" BMVC 2011",,,,https://www.csc.kth.se/cvap/cvg/rg/materials/vahid_002_fapbm_final.pdf,,
2011-07-22,,,,Hossein Azizpour,"Deformable Parts Model and recent works around itP. Ott and M. Everingham. ""Shared parts for deformable part-based models"". CVPR 2011",,,,https://www.csc.kth.se/cvap/cvg/rg/materials/hossein_001_lsvm.pdf,,
2011-07-05,,,,Vahid Kazemi,Y. Yang,Articulated Pose Estimation using Flexible Mixtures of Parts,D. Ramanan. CVPR,2011,https://www.csc.kth.se/cvap/cvg/rg/materials/vahid_001_psreport.pdf,,
2026-06-11,13:15,"Teknikringen 14, floor 3, room 304",Continual Learning,Romeo Lanzino,"L. Wang, X. Zhang, H. Su and J. Zhu","A Comprehensive Survey of Continual Learning: Theory, Method and Application",TPAMI,2024,,https://ieeexplore.ieee.org/document/10444954,https://arxiv.org/abs/2302.00487
2026-08-18,13:00,,Continual Learning,,,,,,,,
2026-09-01,13:00,,Continual Learning,,,,,,,,
2026-09-15,13:00,,Continual Learning,,,,,,,,
2026-09-29,13:00,,Continual Learning,,,,,,,,
2026-10-13,13:00,,,,,,,,,,
2026-10-27,13:00,,,,,,,,,,
2026-11-10,13:00,,,,,,,,,,
2026-11-24,13:00,,,,,,,,,,
2026-12-08,13:00,,,,,,,,,,
